INSERT INTO employee (employee_id, first_name, last_name, email_address, is_admin, profile_pic) VALUES ('e8307ff3-2dd5-4fbc-b0a3-44ddbb956cc4','Savannah', 'Borst', 'testadmin@tidsbanken.com', TRUE, 'smile');
INSERT INTO employee (employee_id, first_name, last_name, email_address, is_admin, profile_pic) VALUES ('ba953f00-a505-4504-9449-b17480e04d8b', 'Dianto', 'Bosman', 'testuser@tidsbanken.com', FALSE, 'neutral');
INSERT INTO employee (employee_id, first_name, last_name, email_address, is_admin, profile_pic) VALUES ('5ba1d943-5f88-4813-9be5-f1207d1329a9', 'Iljaas', 'Dhonre', 'Iljaas@gmail.com', FALSE, 'smile');
INSERT INTO employee (employee_id, first_name, last_name, email_address, is_admin, profile_pic) VALUES ('2d9d56b4-56eb-4f74-8df8-f2f260cbdb1d','Jacques', 'Bal', 'jbal@tidsbanken.com', TRUE, 'jbal');
INSERT INTO employee (employee_id, first_name, last_name, email_address, is_admin, profile_pic) VALUES ('de5a4324-28fe-402f-8449-a7ea44a2853a', 'Karin', 'Schaaf', 'kschaaf@tidsbanken.com', FALSE, 'cheese');
INSERT INTO employee (employee_id, first_name, last_name, email_address, is_admin, profile_pic) VALUES ('74d0671e-53bf-4628-859f-030a5a7bdf14', 'Jane', 'Doe', 'jdoe@gmail.com', FALSE, 'judo');
INSERT INTO employee (employee_id, first_name, last_name, email_address, is_admin, profile_pic) VALUES ('e3e95794-f16c-4f6c-8771-d3000969824a','Suzanne', 'Schulting', 'sschulting@tidsbanken.com', TRUE, 'skates');
INSERT INTO employee (employee_id, first_name, last_name, email_address, is_admin, profile_pic) VALUES ('81294720-5eb0-4078-b9a8-8c0512532493', 'Donny', 'van de Beek', 'dvdbeek@tidsbanken.com', FALSE, 'laughs');
INSERT INTO employee (employee_id, first_name, last_name, email_address, is_admin, profile_pic) VALUES ('e7465d5c-0f84-4aff-812e-c5cb5ddf0956', 'Iggy', 'Azalea', 'azalea@gmail.com', FALSE, 'dance');
INSERT INTO employee (employee_id, first_name, last_name, email_address, is_admin, profile_pic) VALUES ('f5d5f9ae-7e2f-468f-ba5c-b7c5354c46b7','Johan', 'Cruijff', 'voetbal@tidsbanken.com', FALSE, 'vbal');
INSERT INTO employee (employee_id, first_name, last_name, email_address, is_admin, profile_pic) VALUES ('0cdf4622-cb27-4304-ae17-207e18ca252e', 'Karel', 'Meesen', 'kmeesen@tidsbanken.com', FALSE, 'check');
INSERT INTO employee (employee_id, first_name, last_name, email_address, is_admin, profile_pic) VALUES ('bbc96a03-21e6-4303-a64c-6a4d192d8eb4', 'John', 'Doe', 'johndoe@gmail.com', FALSE, 'duck');

INSERT INTO vacation_request (title, period_start, period_end, date_created, date_updated, status, request_owner_id) VALUES ('request1', '2022-08-05T09:23:46.188Z', '2022-08-22T09:23:46.188Z', '2022-04-11T09:23:46.188Z', '2022-04-11T09:23:46.188Z', 'PENDING', 'e8307ff3-2dd5-4fbc-b0a3-44ddbb956cc4');
INSERT INTO vacation_request (title, period_start, period_end, date_created, date_updated, status, request_owner_id) VALUES ('request2', '2022-12-8T09:23:46.188Z', '2022-12-15T09:23:46.188Z', '2022-04-11T09:23:46.188Z', '2022-04-11T09:23:46.188Z', 'APPROVED', 'e8307ff3-2dd5-4fbc-b0a3-44ddbb956cc4');
INSERT INTO vacation_request (title, period_start, period_end, date_created, date_updated, status, request_owner_id) VALUES ('request3', '2022-02-11T09:23:46.188Z', '2022-02-24T09:23:46.188Z', '2022-04-11T09:23:46.188Z', '2022-04-11T09:23:46.188Z', 'DENIED', 'ba953f00-a505-4504-9449-b17480e04d8b');
INSERT INTO vacation_request (title, period_start, period_end, date_created, date_updated, status, request_owner_id) VALUES ('request4', '2022-03-11T09:23:46.188Z', '2022-04-11T09:23:46.188Z', '2022-04-11T09:23:46.188Z', '2022-04-11T09:23:46.188Z', 'PENDING', 'ba953f00-a505-4504-9449-b17480e04d8b');
INSERT INTO vacation_request (title, period_start, period_end, date_created, date_updated, status, request_owner_id) VALUES ('request5', '2022-04-11T09:23:46.188Z', '2022-05-01T09:23:46.188Z', '2022-04-11T09:23:46.188Z', '2022-04-11T09:23:46.188Z', 'APPROVED', '5ba1d943-5f88-4813-9be5-f1207d1329a9');
INSERT INTO vacation_request (title, period_start, period_end, date_created, date_updated, status, request_owner_id) VALUES ('request6', '2022-11-11T09:23:46.188Z', '2022-11-30T09:23:46.188Z', '2022-04-11T09:23:46.188Z', '2022-04-11T09:23:46.188Z', 'DENIED', '5ba1d943-5f88-4813-9be5-f1207d1329a9');
INSERT INTO vacation_request (title, period_start, period_end, date_created, date_updated, status, request_owner_id) VALUES ('request7', '2022-05-11T09:23:46.188Z', '2022-06-11T09:23:46.188Z', '2022-04-11T09:23:46.188Z', '2022-04-11T09:23:46.188Z', 'PENDING', '2d9d56b4-56eb-4f74-8df8-f2f260cbdb1d');
INSERT INTO vacation_request (title, period_start, period_end, date_created, date_updated, status, request_owner_id) VALUES ('request8', '2022-10-8T09:23:46.188Z', '2022-10-15T09:23:46.188Z', '2022-04-11T09:23:46.188Z', '2022-04-11T09:23:46.188Z', 'APPROVED', 'de5a4324-28fe-402f-8449-a7ea44a2853a');
INSERT INTO vacation_request (title, period_start, period_end, date_created, date_updated, status, request_owner_id) VALUES ('request9', '2022-03-15T09:23:46.188Z', '2022-03-24T09:23:46.188Z', '2022-04-11T09:23:46.188Z', '2022-04-11T09:23:46.188Z', 'DENIED', '74d0671e-53bf-4628-859f-030a5a7bdf14');
INSERT INTO vacation_request (title, period_start, period_end, date_created, date_updated, status, request_owner_id) VALUES ('request10', '2022-07-11T09:23:46.188Z', '2022-07-18T09:23:46.188Z', '2022-04-11T09:23:46.188Z', '2022-04-11T09:23:46.188Z', 'PENDING', 'de5a4324-28fe-402f-8449-a7ea44a2853a');
INSERT INTO vacation_request (title, period_start, period_end, date_created, date_updated, status, request_owner_id) VALUES ('request11', '2022-01-02T09:23:46.188Z', '2022-01-31T09:23:46.188Z', '2022-04-11T09:23:46.188Z', '2022-04-11T09:23:46.188Z', 'APPROVED', '74d0671e-53bf-4628-859f-030a5a7bdf14');
INSERT INTO vacation_request (title, period_start, period_end, date_created, date_updated, status, request_owner_id) VALUES ('request12', '2022-12-20T09:23:46.188Z', '2023-01-10T09:23:46.188Z', '2022-04-11T09:23:46.188Z', '2022-04-11T09:23:46.188Z', 'DENIED', '2d9d56b4-56eb-4f74-8df8-f2f260cbdb1d');
INSERT INTO vacation_request (title, period_start, period_end, date_created, date_updated, status, request_owner_id) VALUES ('request13', '2022-06-06T09:23:46.188Z', '2022-07-07T09:23:46.188Z', '2022-04-11T09:23:46.188Z', '2022-04-11T09:23:46.188Z', 'PENDING', 'e3e95794-f16c-4f6c-8771-d3000969824a');
INSERT INTO vacation_request (title, period_start, period_end, date_created, date_updated, status, request_owner_id) VALUES ('request14', '2022-08-12T09:23:46.188Z', '2022-09-09T09:23:46.188Z', '2022-04-11T09:23:46.188Z', '2022-04-11T09:23:46.188Z', 'APPROVED', '81294720-5eb0-4078-b9a8-8c0512532493');
INSERT INTO vacation_request (title, period_start, period_end, date_created, date_updated, status, request_owner_id) VALUES ('request15', '2022-10-16T09:23:46.188Z', '2022-10-24T09:23:46.188Z', '2022-04-11T09:23:46.188Z', '2022-04-11T09:23:46.188Z', 'DENIED', 'e7465d5c-0f84-4aff-812e-c5cb5ddf0956');
INSERT INTO vacation_request (title, period_start, period_end, date_created, date_updated, status, request_owner_id) VALUES ('request16', '2022-11-03T09:23:46.188Z', '2022-12-03T09:23:46.188Z', '2022-04-11T09:23:46.188Z', '2022-04-11T09:23:46.188Z', 'PENDING', 'f5d5f9ae-7e2f-468f-ba5c-b7c5354c46b7');
INSERT INTO vacation_request (title, period_start, period_end, date_created, date_updated, status, request_owner_id) VALUES ('request17', '2022-02-02T09:23:46.188Z', '2022-02-18T09:23:46.188Z', '2022-04-11T09:23:46.188Z', '2022-04-11T09:23:46.188Z', 'APPROVED', '0cdf4622-cb27-4304-ae17-207e18ca252e');
INSERT INTO vacation_request (title, period_start, period_end, date_created, date_updated, status, request_owner_id) VALUES ('request18', '2022-01-13T09:23:46.188Z', '2022-01-30T09:23:46.188Z', '2022-04-11T09:23:46.188Z', '2022-04-11T09:23:46.188Z', 'DENIED', 'bbc96a03-21e6-4303-a64c-6a4d192d8eb4');
INSERT INTO vacation_request (title, period_start, period_end, date_created, date_updated, status, request_owner_id) VALUES ('request19', '2022-09-11T09:23:46.188Z', '2022-09-20T09:23:46.188Z', '2022-04-11T09:23:46.188Z', '2022-04-11T09:23:46.188Z', 'PENDING', '0cdf4622-cb27-4304-ae17-207e18ca252e');
INSERT INTO vacation_request (title, period_start, period_end, date_created, date_updated, status, request_owner_id) VALUES ('request20', '2022-02-8T09:23:46.188Z', '2022-02-15T09:23:46.188Z', '2022-04-11T09:23:46.188Z', '2022-04-11T09:23:46.188Z', 'APPROVED', '0cdf4622-cb27-4304-ae17-207e18ca252e');
INSERT INTO vacation_request (title, period_start, period_end, date_created, date_updated, status, request_owner_id) VALUES ('request21', '2022-12-11T09:23:46.188Z', '2022-12-24T09:23:46.188Z', '2022-04-11T09:23:46.188Z', '2022-04-11T09:23:46.188Z', 'DENIED', 'f5d5f9ae-7e2f-468f-ba5c-b7c5354c46b7');
INSERT INTO vacation_request (title, period_start, period_end, date_created, date_updated, status, request_owner_id) VALUES ('request22', '2022-11-03T09:23:46.188Z', '2022-11-18T09:23:46.188Z', '2022-04-11T09:23:46.188Z', '2022-04-11T09:23:46.188Z', 'PENDING', 'e7465d5c-0f84-4aff-812e-c5cb5ddf0956');
INSERT INTO vacation_request (title, period_start, period_end, date_created, date_updated, status, request_owner_id) VALUES ('request23', '2022-06-04T09:23:46.188Z', '2022-06-30T09:23:46.188Z', '2022-04-11T09:23:46.188Z', '2022-04-11T09:23:46.188Z', 'APPROVED', '81294720-5eb0-4078-b9a8-8c0512532493');
INSERT INTO vacation_request (title, period_start, period_end, date_created, date_updated, status, request_owner_id) VALUES ('request24', '2022-11-11T09:23:46.188Z', '2022-11-30T09:23:46.188Z', '2022-04-11T09:23:46.188Z', '2022-04-11T09:23:46.188Z', 'DENIED', 'e3e95794-f16c-4f6c-8771-d3000969824a');

INSERT INTO comment (date_created, date_updated, message, comment_owner_id, request_id) VALUES ('2022-04-02T09:23:46.188Z', '2022-04-11T09:23:46.188Z', 'vacation request for savannah', 'e8307ff3-2dd5-4fbc-b0a3-44ddbb956cc4', '1');
INSERT INTO comment (date_created, date_updated, message, comment_owner_id, request_id) VALUES ('2022-03-31T09:23:46.188Z', '2022-06-11T09:23:46.188Z', 'vacation request for dianto', 'ba953f00-a505-4504-9449-b17480e04d8b', '1');
INSERT INTO comment (date_created, date_updated, message, comment_owner_id, request_id) VALUES ('2022-04-08T09:23:46.188Z', '2022-04-11T09:23:46.188Z', 'vacation request for iljaas', '5ba1d943-5f88-4813-9be5-f1207d1329a9', '6');
INSERT INTO comment (date_created, date_updated, message, comment_owner_id, request_id) VALUES ('2022-01-12T09:23:46.188Z', '2022-04-11T09:23:46.188Z', 'vacation request for donny', '81294720-5eb0-4078-b9a8-8c0512532493', '14');
INSERT INTO comment (date_created, date_updated, message, comment_owner_id, request_id) VALUES ('2022-02-16T09:23:46.188Z', '2022-06-11T09:23:46.188Z', 'vacation request for karel', '0cdf4622-cb27-4304-ae17-207e18ca252e', '19');
INSERT INTO comment (date_created, date_updated, message, comment_owner_id, request_id) VALUES ('2022-03-13T09:23:46.188Z', '2022-04-11T09:23:46.188Z', 'vacation request for jane', '74d0671e-53bf-4628-859f-030a5a7bdf14', '11');

INSERT INTO ineligible_period (period_start, period_end) VALUES ('2022-03-11T09:23:46.188Z', '2022-04-11T09:23:46.188Z');
INSERT INTO ineligible_period (period_start, period_end) VALUES ('2022-02-11T09:23:46.188Z', '2022-05-11T09:23:46.188Z');
INSERT INTO ineligible_period (period_start, period_end) VALUES ('2022-04-11T09:23:46.188Z', '2022-06-11T09:23:46.188Z');
