INSERT INTO employee (employee_id, first_name, last_name, email_address, is_admin, profile_pic) VALUES ('e8307ff3-2dd5-4fbc-b0a3-44ddbb956cc4','Savannah', 'Borst', 'testadmin@tidsbanken.com', TRUE, 'smile');
INSERT INTO employee (employee_id, first_name, last_name, email_address, is_admin, profile_pic) VALUES ('ba953f00-a505-4504-9449-b17480e04d8b', 'Dianto', 'Bosman', 'testuser@tidsbanken.com', FALSE, 'neutral');
INSERT INTO employee (employee_id, first_name, last_name, email_address, is_admin, profile_pic) VALUES ('5ba1d943-5f88-4813-9be5-f1207d1329a9', 'Iljaas', 'Dhonre', 'Iljaas@gmail.com', FALSE, 'smile');
INSERT INTO employee (employee_id, first_name, last_name, email_address, is_admin, profile_pic) VALUES ('2d9d56b4-56eb-4f74-8df8-f2f260cbdb1d','Jacques', 'Bal', 'jbal@tidsbanken.com', TRUE, 'jbal');
INSERT INTO employee (employee_id, first_name, last_name, email_address, is_admin, profile_pic) VALUES ('de5a4324-28fe-402f-8449-a7ea44a2853a', 'Karin', 'Schaaf', 'kschaaf@tidsbanken.com', FALSE, 'cheese');
INSERT INTO employee (employee_id, first_name, last_name, email_address, is_admin, profile_pic) VALUES ('74d0671e-53bf-4628-859f-030a5a7bdf14', 'Jane', 'Doe', 'jdoe@gmail.com', FALSE, 'judo');
INSERT INTO employee (employee_id, first_name, last_name, email_address, is_admin, profile_pic) VALUES ('e3e95794-f16c-4f6c-8771-d3000969824a','Suzanne', 'Schulting', 'sschulting@tidsbanken.com', TRUE, 'skates');
INSERT INTO employee (employee_id, first_name, last_name, email_address, is_admin, profile_pic) VALUES ('81294720-5eb0-4078-b9a8-8c0512532493', 'Donny', 'van de Beek', 'dvdbeek@tidsbanken.com', FALSE, 'laughs');
INSERT INTO employee (employee_id, first_name, last_name, email_address, is_admin, profile_pic) VALUES ('e7465d5c-0f84-4aff-812e-c5cb5ddf0956', 'Iggy', 'Azalea', 'azalea@gmail.com', FALSE, 'dance');
INSERT INTO employee (employee_id, first_name, last_name, email_address, is_admin, profile_pic) VALUES ('f5d5f9ae-7e2f-468f-ba5c-b7c5354c46b7','Johan', 'Cruijff', 'voetbal@tidsbanken.com', FALSE, 'vbal');
INSERT INTO employee (employee_id, first_name, last_name, email_address, is_admin, profile_pic) VALUES ('0cdf4622-cb27-4304-ae17-207e18ca252e', 'Karel', 'Meesen', 'kmeesen@tidsbanken.com', FALSE, 'check');
INSERT INTO employee (employee_id, first_name, last_name, email_address, is_admin, profile_pic) VALUES ('bbc96a03-21e6-4303-a64c-6a4d192d8eb4', 'John', 'Doe', 'johndoe@gmail.com', FALSE, 'duck');

INSERT INTO vacation_request (title, period_start, period_end, date_created, date_updated, status, request_owner_id) VALUES ('Savannah vacation Croatia', '2022-08-05T00:00:00.000Z', '2022-08-12T00:00:00.000Z', '2022-04-11T09:23:46.188Z', '2022-04-11T09:23:46.188Z', 'PENDING', 'e8307ff3-2dd5-4fbc-b0a3-44ddbb956cc4');
INSERT INTO vacation_request (title, period_start, period_end, date_created, date_updated, status, request_owner_id, moderator_id) VALUES ('Savannah vacation Spain', '2022-12-8T00:00:00.000Z', '2022-12-22T00:00:00.000Z', '2022-04-11T09:23:46.188Z', '2022-04-11T09:23:46.188Z', 'APPROVED', 'e8307ff3-2dd5-4fbc-b0a3-44ddbb956cc4', 'e3e95794-f16c-4f6c-8771-d3000969824a');
INSERT INTO vacation_request (title, period_start, period_end, date_created, date_updated, status, request_owner_id, moderator_id) VALUES ('Dianto vacation Egypt', '2022-02-11T00:00:00.000Z', '2022-02-18T00:00:00.000Z', '2022-04-11T09:23:46.188Z', '2022-04-11T09:23:46.188Z', 'DENIED', 'ba953f00-a505-4504-9449-b17480e04d8b', 'e3e95794-f16c-4f6c-8771-d3000969824a');
INSERT INTO vacation_request (title, period_start, period_end, date_created, date_updated, status, request_owner_id) VALUES ('Dianto vacation Mexico', '2022-03-11T00:00:00.000Z', '2022-03-15T00:00:00.000Z', '2022-04-11T09:23:46.188Z', '2022-04-11T09:23:46.188Z', 'PENDING', 'ba953f00-a505-4504-9449-b17480e04d8b');
INSERT INTO vacation_request (title, period_start, period_end, date_created, date_updated, status, request_owner_id, moderator_id) VALUES ('ILjaas vacation Singapore', '2022-04-11T00:00:00.000Z', '2022-04-16T00:00:00.000Z', '2022-04-11T09:23:46.188Z', '2022-04-11T09:23:46.188Z', 'APPROVED', '5ba1d943-5f88-4813-9be5-f1207d1329a9', 'e3e95794-f16c-4f6c-8771-d3000969824a');
INSERT INTO vacation_request (title, period_start, period_end, date_created, date_updated, status, request_owner_id, moderator_id) VALUES ('Iljaas vacation Mexico', '2022-01-11T00:00:00.000Z', '2022-01-24T00:00:00.000Z', '2022-04-11T09:23:46.188Z', '2022-04-11T09:23:46.188Z', 'DENIED', '5ba1d943-5f88-4813-9be5-f1207d1329a9', 'e3e95794-f16c-4f6c-8771-d3000969824a');
INSERT INTO vacation_request (title, period_start, period_end, date_created, date_updated, status, request_owner_id) VALUES ('Jacques vacation Ibiza', '2022-05-11T00:00:00.000Z', '2022-05-14T00:00:00.000Z', '2022-04-11T09:23:46.188Z', '2022-04-11T09:23:46.188Z', 'PENDING', '2d9d56b4-56eb-4f74-8df8-f2f260cbdb1d');
INSERT INTO vacation_request (title, period_start, period_end, date_created, date_updated, status, request_owner_id, moderator_id) VALUES ('Karin vacation Limburg', '2022-10-8T00:00:00.000Z', '2022-10-15T00:00:00.000Z', '2022-04-11T09:23:46.188Z', '2022-04-11T09:23:46.188Z', 'APPROVED', 'de5a4324-28fe-402f-8449-a7ea44a2853a', 'e8307ff3-2dd5-4fbc-b0a3-44ddbb956cc4');
INSERT INTO vacation_request (title, period_start, period_end, date_created, date_updated, status, request_owner_id, moderator_id) VALUES ('Jane vacation Timboektoe', '2022-03-15T00:00:00.000Z', '2022-03-24T00:00:00.000Z', '2022-04-11T09:23:46.188Z', '2022-04-11T09:23:46.188Z', 'DENIED', '74d0671e-53bf-4628-859f-030a5a7bdf14', 'e8307ff3-2dd5-4fbc-b0a3-44ddbb956cc4');
INSERT INTO vacation_request (title, period_start, period_end, date_created, date_updated, status, request_owner_id) VALUES ('Karin vacation Drenthe', '2022-07-16T00:00:00.000Z', '2022-07-20T00:00:00.000Z', '2022-04-11T09:23:46.188Z', '2022-04-11T09:23:46.188Z', 'PENDING', 'de5a4324-28fe-402f-8449-a7ea44a2853a');
INSERT INTO vacation_request (title, period_start, period_end, date_created, date_updated, status, request_owner_id, moderator_id) VALUES ('Jane vacation Bermuda Triangle', '2022-01-02T00:00:00.000Z', '2022-01-11T00:00:00.000Z', '2022-04-11T09:23:46.188Z', '2022-04-11T09:23:46.188Z', 'APPROVED', '74d0671e-53bf-4628-859f-030a5a7bdf14', '2d9d56b4-56eb-4f74-8df8-f2f260cbdb1d');
INSERT INTO vacation_request (title, period_start, period_end, date_created, date_updated, status, request_owner_id, moderator_id) VALUES ('Jacques vacation Tenerife', '2022-12-20T00:00:00.000Z', '2022-12-22T00:00:00.000Z', '2022-04-11T09:23:46.188Z', '2022-04-11T09:23:46.188Z', 'DENIED', '2d9d56b4-56eb-4f74-8df8-f2f260cbdb1d', 'e8307ff3-2dd5-4fbc-b0a3-44ddbb956cc4');
INSERT INTO vacation_request (title, period_start, period_end, date_created, date_updated, status, request_owner_id) VALUES ('Suzanne vacation Turkey', '2022-06-06T00:00:00.000Z', '2022-06-07T00:00:00.000Z', '2022-04-11T09:23:46.188Z', '2022-04-11T09:23:46.188Z', 'PENDING', 'e3e95794-f16c-4f6c-8771-d3000969824a');
INSERT INTO vacation_request (title, period_start, period_end, date_created, date_updated, status, request_owner_id, moderator_id) VALUES ('Donny vacation Chersonissos', '2022-08-12T00:00:00.000Z', '2022-08-16T00:00:00.000Z', '2022-04-11T09:23:46.188Z', '2022-04-11T09:23:46.188Z', 'APPROVED', '81294720-5eb0-4078-b9a8-8c0512532493', '2d9d56b4-56eb-4f74-8df8-f2f260cbdb1d');
INSERT INTO vacation_request (title, period_start, period_end, date_created, date_updated, status, request_owner_id, moderator_id) VALUES ('Iggy vacation Florida', '2022-10-16T00:00:00.000Z', '2022-10-24T00:00:00.000Z', '2022-04-11T09:23:46.188Z', '2022-04-11T09:23:46.188Z', 'DENIED', 'e7465d5c-0f84-4aff-812e-c5cb5ddf0956', 'e8307ff3-2dd5-4fbc-b0a3-44ddbb956cc4');
INSERT INTO vacation_request (title, period_start, period_end, date_created, date_updated, status, request_owner_id) VALUES ('Johan vacation Barcelona', '2022-11-03T00:00:00.000Z', '2022-11-06T00:00:00.000Z', '2022-04-11T09:23:46.188Z', '2022-04-11T09:23:46.188Z', 'PENDING', 'f5d5f9ae-7e2f-468f-ba5c-b7c5354c46b7');
INSERT INTO vacation_request (title, period_start, period_end, date_created, date_updated, status, request_owner_id, moderator_id) VALUES ('Karel vacation Maldives', '2022-02-02T00:00:00.000Z', '2022-02-12T00:00:00.000Z', '2022-04-11T09:23:46.188Z', '2022-04-11T09:23:46.188Z', 'APPROVED', '0cdf4622-cb27-4304-ae17-207e18ca252e', 'e8307ff3-2dd5-4fbc-b0a3-44ddbb956cc4');
INSERT INTO vacation_request (title, period_start, period_end, date_created, date_updated, status, request_owner_id, moderator_id) VALUES ('John vacation Thailand', '2022-01-13T00:00:00.000Z', '2022-01-18T00:00:00.000Z', '2022-04-11T09:23:46.188Z', '2022-04-11T09:23:46.188Z', 'DENIED', 'bbc96a03-21e6-4303-a64c-6a4d192d8eb4', '2d9d56b4-56eb-4f74-8df8-f2f260cbdb1d');
INSERT INTO vacation_request (title, period_start, period_end, date_created, date_updated, status, request_owner_id) VALUES ('Karel vacation Indonesia', '2022-09-11T00:00:00.000Z', '2022-09-20T00:00:00.000Z', '2022-04-11T09:23:46.188Z', '2022-04-11T09:23:46.188Z', 'PENDING', '0cdf4622-cb27-4304-ae17-207e18ca252e');
INSERT INTO vacation_request (title, period_start, period_end, date_created, date_updated, status, request_owner_id, moderator_id) VALUES ('Karel vacation Denmark', '2022-01-8T00:00:00.000Z', '2022-01-10T00:00:00.000Z', '2022-04-11T09:23:46.188Z', '2022-04-11T09:23:46.188Z', 'APPROVED', '0cdf4622-cb27-4304-ae17-207e18ca252e', 'e8307ff3-2dd5-4fbc-b0a3-44ddbb956cc4');
INSERT INTO vacation_request (title, period_start, period_end, date_created, date_updated, status, request_owner_id, moderator_id) VALUES ('Johan vacation Bulgaria', '2022-12-11T00:00:00.000Z', '2022-12-15T00:00:00.000Z', '2022-04-11T09:23:46.188Z', '2022-04-11T09:23:46.188Z', 'DENIED', 'f5d5f9ae-7e2f-468f-ba5c-b7c5354c46b7', '2d9d56b4-56eb-4f74-8df8-f2f260cbdb1d');
INSERT INTO vacation_request (title, period_start, period_end, date_created, date_updated, status, request_owner_id) VALUES ('Iggy vacation Hawaii', '2022-11-09T00:00:00.000Z', '2022-11-12T00:00:00.000Z', '2022-04-11T09:23:46.188Z', '2022-04-11T09:23:46.188Z', 'PENDING', 'e7465d5c-0f84-4aff-812e-c5cb5ddf0956');
INSERT INTO vacation_request (title, period_start, period_end, date_created, date_updated, status, request_owner_id, moderator_id) VALUES ('Donny vacation Lloret de Mar', '2022-06-04T00:00:00.000Z', '2022-06-11T00:00:00.000Z', '2022-04-11T09:23:46.188Z', '2022-04-11T09:23:46.188Z', 'APPROVED', '81294720-5eb0-4078-b9a8-8c0512532493', 'e8307ff3-2dd5-4fbc-b0a3-44ddbb956cc4');
INSERT INTO vacation_request (title, period_start, period_end, date_created, date_updated, status, request_owner_id, moderator_id) VALUES ('Suzanne vacation Germany', '2022-01-11T00:00:00.000Z', '2022-01-14T00:00:00.000Z', '2022-04-11T09:23:46.188Z', '2022-04-11T09:23:46.188Z', 'DENIED', 'e3e95794-f16c-4f6c-8771-d3000969824a', 'e8307ff3-2dd5-4fbc-b0a3-44ddbb956cc4');

INSERT INTO comment (date_created, date_updated, message, comment_owner_id, request_id) VALUES ('2022-04-02T09:23:46.188Z', '2022-04-11T09:23:46.188Z', 'vacation request for savannah', 'e8307ff3-2dd5-4fbc-b0a3-44ddbb956cc4', '1');
INSERT INTO comment (date_created, date_updated, message, comment_owner_id, request_id) VALUES ('2022-03-31T09:23:46.188Z', '2022-06-11T09:23:46.188Z', 'vacation request for dianto', 'ba953f00-a505-4504-9449-b17480e04d8b', '1');
INSERT INTO comment (date_created, date_updated, message, comment_owner_id, request_id) VALUES ('2022-04-08T09:23:46.188Z', '2022-04-11T09:23:46.188Z', 'vacation request for iljaas', '5ba1d943-5f88-4813-9be5-f1207d1329a9', '6');
INSERT INTO comment (date_created, date_updated, message, comment_owner_id, request_id) VALUES ('2022-01-12T09:23:46.188Z', '2022-04-11T09:23:46.188Z', 'vacation request for donny', '81294720-5eb0-4078-b9a8-8c0512532493', '14');
INSERT INTO comment (date_created, date_updated, message, comment_owner_id, request_id) VALUES ('2022-02-16T09:23:46.188Z', '2022-06-11T09:23:46.188Z', 'vacation request for karel', '0cdf4622-cb27-4304-ae17-207e18ca252e', '19');
INSERT INTO comment (date_created, date_updated, message, comment_owner_id, request_id) VALUES ('2022-03-13T09:23:46.188Z', '2022-04-11T09:23:46.188Z', 'vacation request for jane', '74d0671e-53bf-4628-859f-030a5a7bdf14', '11');

INSERT INTO ineligible_period (period_start, period_end) VALUES ('2022-03-03T00:00:00.000Z', '2022-03-08T00:00:00.000Z');
INSERT INTO ineligible_period (period_start, period_end) VALUES ('2022-07-11T00:00:00.000Z', '2022-07-15T00:00:00.000Z');
INSERT INTO ineligible_period (period_start, period_end) VALUES ('2022-11-07T00:00:00.000Z', '2022-11-08T00:00:00.000Z');
